{
    "partials": {
        
        "menu": {
            "label": "Menu"
        },
        
        "pagination": {
            "prev": "Previous",
            "next": "Next"
        },
        
        "top": {
            "continue": "Continue"
        },

        "share-buttons": {
            "shareButtons": "Share button"
        }
    },
    
    "post": {
        "publishedBy": "By",
        "relatedPosts": "You should also read:",
        "readMore": "Full Story",
        "lastUpdatedDate": "This article was updated on",
        "taggedIn": "Tagged in:",
        "comments": "Comments"
    },

    "tags": {
        "tagsPageTitle": "Tags",
        "description": "Collection of all tags",
        "post": {
            "1": "Post",
            "default": "Posts"
        }
    },

    "author": {
        "visitWebsite": "Visit website"
    },
    
    "error": {
        "404": "404 Error",
        "message-1": "Page not found",
        "message-2": "The page you were looking for appears to have been moved, deleted or does not exist. You could go back to where you were or head straight to our home page.",
        "button": "Go home"

    },
    
    "socials": {
        "twitter": "Twitter",
        "facebook": "Facebook",
        "instagram": "Instagram",
        "linkedIn": "LinkedIn",
        "vimeo": "Vimeo",
        "youtube": "YouTube",
        "pinterest": "Pinterest",
        "mix": "Mix",
        "buffer": "Buffer",
        "whatsapp": "WhatsApp"
    }
}
